dataset,num_queries,batch_size,total_time,num_errors,throughput
pubs,100,256,0.13430356979370117,0,744.5818465853615
pubs,1000,256,1.1795191764831543,0,847.8030878494003
