dataset,num_queries,batch_size,total_time,num_errors,throughput
pubs,100,32,0.12959790229797363,0,771.617427650012
pubs,1000,32,1.0427391529083252,0,959.0126132800129
pubs,10000,32,10.39227819442749,0,962.2529163395726
glove.6B.50d,100,32,5.715863943099976,0,17.49516800880418
glove.6B.50d,1000,32,49.971774101257324,0,20.011296736707997
glove.6B.50d,10000,32,481.9783527851105,0,20.747819776998345
glove.840B.300d,100,32,399.6816973686218,0,0.25019909757781866
glove.840B.300d,1000,32,2774.2571029663086,0,0.3604568584976402
glove.840B.300d,10000,32,SKIPPED,SKIPPED,SKIPPED
