dataset,query_size,batch_size,linear_time,linear_errors,opt_time,opt_errors,speedup,opt_throughput
data/pubs/pubs.csv,100,128,8.174031734466553,0,0.11895084381103516,0,68.71772803437854,840.6834016147006
data/pubs/pubs.csv,1000,128,55.567394733428955,0,0.8295819759368896,0,66.98240360233699,1205.426382209725
data/pubs/pubs.csv,10000,128,546.8868341445923,0,8.19724726676941,0,66.71591283595914,1219.9217218368806
