dataset,query_size,batch_size,linear_time,linear_errors,opt_time,opt_errors,speedup,opt_throughput
data/pubs/pubs.csv,100,256,6.225776433944702,0,0.0861196517944336,0,72.2921691416675,1161.1751547567633
data/pubs/pubs.csv,100,256,5.317255020141602,0,0.08587098121643066,0,61.9214424339685,1164.5377586632942
data/pubs/pubs.csv,100,256,5.318301200866699,0,0.08445286750793457,0,62.97360122635304,1184.0924168809868
